Inflation,Unemployment,InterestRate,StockIndex,Consumption,GDP_Growth
-0.023392803113513532,0.009863515766314623,0.020668985126235797,0.11803869828382124,-0.01310229467235626,9.342509989393461
0.014457002044340608,0.029486328832170096,0.03262177910790552,0.010095443237062032,-0.055810676528288514,4.4383526509392155
-0.08535439040453671,0.024369200073755388,-0.0549527023110698,-0.043139311227137704,0.008604514486845615,-3.6546088807152337
0.013762824857289947,0.0004675603593951008,0.010809059381169992,-0.06907426021678145,0.06325812652276053,-5.069973184477995
-0.044319738186913066,-0.03721450245271087,0.0067512866014864045,-0.01297237070003377,-0.026977189972239954,-4.21752187835585
-0.0349766561718857,0.05091549845349668,0.0003835114758301921,0.0726012765197598,0.07307247900620806,4.78322408647463
-0.08424326592423846,0.03447657160358065,0.014773771164355451,-0.0368001006951989,-0.03559245035754662,-3.820654257691146
-0.008668797959021758,0.03356225538365238,0.04030093228816897,-0.01811000612441806,-0.04581234565600803,4.85775554304065
-0.05942770178969446,-0.04729209898702428,-0.004694095095469369,-0.029208426830063774,0.046211954772397715,-13.193905706901322
-0.011954546609213884,0.008433707481135004,0.0945666705854944,-0.034486039975204864,-0.09208311398109739,3.964013446217361
0.01190854747100111,0.020103675248227842,0.02228952223035395,0.003112219825618081,0.00971481352350739,7.460610037692231
-0.08827212480102373,-0.028932222075899763,-0.001433361452000577,-0.025920800264180057,-0.08577773452821634,-18.13507735602418
0.04116533953438291,-0.07165159656886147,-0.015812710198139575,0.017653968242210532,-0.01262019094420957,6.804374059580674
0.02564007845798793,-0.030736485353403543,-0.0013910908561556867,-0.003724763115467915,-0.05139610293401745,-5.016827844671374
-0.019853491185356356,0.037350753577995735,0.0014834456954908634,0.001152553514642314,0.013084561786926375,0.3616165456912417
0.0354871973690808,-0.03546531847342581,-0.04485268108241751,-0.0316876743218377,-0.027308742986549686,-7.820571328613905
0.03488344667892718,0.013927957774736502,0.09612709251965136,-0.04847851347278445,-0.021955614131204552,3.5249873560168985
-0.056982765601149656,0.06917682090768955,0.08104719337665654,0.04664961545337289,0.009417411615723436,2.058479061018611
0.08005957007801659,0.016921067604358356,0.0323754560398987,0.010226758755484198,0.027959576577076622,18.66235217380839
0.021712565549582147,-0.017860638245688166,0.003923430789223641,-0.08109516344947366,0.006864441014933557,-2.675863781831378
0.02529458900220422,-0.07568126337445309,0.014734897824452703,-0.024797168396487487,0.028099950906991484,-12.79040363529625
0.020793216728654026,-0.0018598388320496663,-0.014915933175126564,-0.03447351211300145,0.016262290445214624,7.996998670765899
-0.04728534025857451,-0.016211811531899423,-0.001149728112709555,-0.027240341900834738,0.037649128307526175,-3.6272848839392404
-0.004201644915442514,0.06698082792253439,0.027166169947753997,0.04654645409581428,0.04931293125238019,16.3374814287671
0.017967265026959712,0.0640781058207615,-0.0038818925022967702,0.018814088771091357,0.017747631955459094,16.315989199315553
-0.035097069749509505,0.03233955524950531,0.010183736043764506,0.00706247909882518,-0.02197760336532284,-3.379556745441238
-0.05660168540476795,0.04468207209311008,0.07948531972861318,0.02643093240768576,0.07359854837250883,8.0303473019468
-0.04411696457588967,-0.005287733685613356,-0.02465960154595609,0.0437555361943963,-0.011358401974209847,-6.296582603589285
-0.03162018072921213,0.006784056911611817,-0.07460440609714697,-0.02646338144961078,0.02492685430146852,-1.6565491283946772
-0.01216665051900002,-0.007320208133303808,0.002963768124362717,0.025640805905196195,-0.028460491870149377,-6.858290403688314
0.015601683255929083,0.009841641420647624,-0.02954991511129246,0.03192746618244472,0.043601984445873515,5.436648518300748
-0.04646649601956729,0.0019664097998756767,0.05913710222224987,-0.025308573380166975,-0.006874346145595213,-4.116654697001645
0.012091624269637757,0.008213354003186945,-0.017547129323381268,0.03980829092651412,0.07634439146288445,-4.565883525290748
-0.012953530957314127,0.07639536065347602,-0.018730270252664317,-0.026541546138381774,0.00728006591648225,13.668613392179005
0.0021498206269372376,0.00695022530668969,-0.02997797365538651,0.031553472292188,-0.11519431895235174,-3.631314534278051
0.014671420143797841,0.014857712352614138,-0.016111647987765564,0.03318070586350829,-0.02799830238109668,6.546689207291044
0.04824875119519696,0.01621882532743327,0.03604300991228282,-0.0312444483153233,0.013777722247475728,7.42693424516225
-0.01763585883542815,-0.007973746862275002,-0.05857203281527372,0.04814630546836251,-0.02564995671882897,5.582059579057779
-0.0028912549448503163,0.032388454536401226,0.018062783010988185,0.030249146661204863,-0.011230247545456706,0.4818786383736269
-0.012686683022373841,-0.05452252758234173,-0.08332546750105818,0.026690928840397383,-0.021038893668400362,-5.745865426036834
0.05477530232360578,-0.0017131242078814084,-0.07239987803890047,0.11230429920067819,-0.033821669495375004,7.746570010835163
-0.05626318704104824,-0.030785170550216553,0.030820571328036176,-0.03385422887184887,-0.01715768838339308,-3.5166527353291475
0.016014840144638984,0.011511151145632878,-0.00945549112961293,0.02372285281376871,0.0558187832241577,3.6646288438131682
0.01387307681820204,-0.005446125550090714,-0.016671938941877705,0.04433863581602298,0.03068724016443365,6.24012293678236
0.030334442030718854,-0.005809153503540585,-0.031944101694695214,-0.010866134003367606,0.023788124259542572,-0.3757336950212997
-0.023308152019522386,-0.03916230539291643,0.020416096655967126,-0.010133036375586523,0.030164458182530086,-5.096158285293208
0.006025927421766059,-0.04357528377203825,-0.021281309505809334,-0.012083986268932428,-0.023397291767153026,-9.923252523594485
-0.029129233251111223,0.019844322533125677,0.035597347972267775,0.008568084984253141,-0.07037846093566441,2.4926654652818345
-0.09042651645516844,0.03231451236241757,-0.020582825803936985,-0.03117477056787382,0.006586059710131835,-7.738604592077314
0.026994061744675474,0.04967533089713549,0.04715183492150164,0.01715679716095769,0.008420292871232625,13.569001157248186
0.041306116009488074,0.01158646106073036,0.040254151054993276,0.002350017427931354,0.047443164610340795,1.7182026498184806
0.0007627992832972759,-0.016450686106696498,0.028042443679404023,-0.02188572339104086,-0.001121116402504317,13.831542484409898
0.03408007049240534,-0.07045792169598565,-0.04370184699584481,-0.0032307413776650872,-0.052540312948300374,-4.0018101842324825
-0.034103935294637386,-0.00676335678802068,0.0812023497817733,0.03280216029639811,-0.03781991721901427,0.917612032631358
0.040305110989284736,-0.019769004889393822,0.0006404377557239952,0.029377995615059254,0.04790297713364087,10.131046163100242
0.022176123677035333,-0.015388583916424647,-0.016214417963743857,0.03490351190774433,-0.023719386790508116,-5.485335165126851
-0.009247830794072043,-0.014142479235823832,0.007953024522396365,-0.07373336279931703,0.004275174694125005,0.11570361205204271
-0.014594500080147808,0.013227858855146062,-0.03474553700140022,-0.01237565962469796,-0.07983874676390194,-4.350562337203763
-0.009914203456301734,0.03280793197823588,0.00013744695526877822,0.0016816307231718995,0.02064820034774546,4.63203646771469
-0.02320616711654604,-0.009756109588364028,-0.03531631342585013,-0.019922433976204794,0.02458613598920515,-5.084337711507106
-0.03693772942464124,0.023063061213815735,0.03219799708407981,-0.009764981947339333,0.006000017510131973,5.9375025340735
0.01188223903631187,0.09555180620537762,-0.02741902061207222,-0.07556016373614294,-0.019884182239416615,-1.946521104889074
-0.008772649157826459,0.012432517233771624,0.03590106074906695,0.07485882496819941,0.01655052647952499,4.509782508245568
0.029685569572235258,0.03520895161580557,0.039034403964955826,0.07539704657348455,0.029718249497357158,17.1827804000448
-0.020290877095497383,-0.03903312320042118,0.05817109642749417,-0.01537325161150681,-0.06468520742926884,-2.066072120622698
-0.007935094388826437,-0.012709009742682378,-0.04650802953556857,-0.000936815627705187,0.03814057156114827,-1.3304637580935492
0.029706819031372116,-0.003836178645855014,0.056660479049502756,-0.038211311041906615,-0.023152740649301597,3.6858121596936178
0.05758745303328028,0.019622737885704792,0.03914924116434893,-0.015004645090135505,0.040942926426093734,7.461574988921108
-0.008094534183864877,0.043614483102459765,0.05094594720852505,-0.08836048515643283,-0.0027764768555464444,-6.068565759457859
-0.023557145398616145,0.08545493097836117,0.030606648326751047,0.021970170527501873,0.0227112170102702,12.922087839578888
0.013275163292978674,0.005322063633962637,-0.02605898301664227,-0.014096233293811855,-0.03399530158234107,4.425451935149846
0.08894883787861585,0.010027396525047572,-0.0004765496963647151,-0.06518043605978709,-0.004007909157681007,-4.312778859985218
-0.03354420145938538,-0.024667027941330764,0.05819669124026242,-0.01799839750201367,0.04944623374533039,6.395382116563442
-0.05380433768477594,-0.03359556670128255,-0.09747081865281687,-0.07094287985569152,-0.0745006665315136,-20.293936443157072
0.011667036482268153,0.033277997134811735,0.018312468953823127,-0.00020188474353526037,0.02947312032148836,0.0942230793726404
0.015389594856270969,0.02989226331324848,0.014526831591426868,-0.08424913564881387,0.01831309885602847,6.276734806678156
-0.09106861898677816,0.020253368113255257,-0.004390828607255983,-0.030661575604519774,-0.011354736171760579,-16.650585092488118
0.009758064028732936,-0.03335338759195255,-0.017512615965613296,-0.030521419041822546,-0.03790692902747746,-6.882732771008927
0.01828899239095757,-0.08980193385279914,-0.06485427459089935,-0.04593482898291849,0.0500855379723449,-4.128837373410375
-0.004722111648208035,-0.017930695838695478,0.023870272156304575,0.007494088967059748,-0.047306373240361785,3.557600873703993
0.02175853042638661,-0.024555152167733307,0.03228829586686838,0.031318900091961824,-0.038759400611568025,-2.660847631967021
0.0017596466009273022,-0.004861215435261563,-0.04896354783179149,0.015054041216893467,-0.01990040170408325,-0.0563114143485659
-0.037693470484883015,0.009643206665931886,0.03606995392485256,0.0027732043732512464,0.031851156467134926,3.7306903956137263
-0.05130876609595308,0.0137591835569745,0.0513780991133831,0.05296530555184673,0.043649340960925695,11.7019534601447
-0.0368708791069881,-0.1173682860771898,-0.007880657528070817,0.004118612270545115,-0.061563192887869184,-10.149934071024363
0.061598608578016543,-0.011162277198203462,0.0397658414096054,-0.043519405820824295,-0.0025376005455583573,13.795998173964993
-0.01098435151364412,0.01808063449691843,-0.010526379357806284,0.026559923504459623,0.01139571557740224,-8.356373738721857
0.001563660209547901,-0.0366779661769814,-0.012712225369713196,-0.04643458371065235,-0.007467466844767771,-8.033945293298654
-0.0347595179400828,0.011698177824813739,-0.008588692187593736,0.040186689430483036,-0.012935276935774622,5.544430850488634
-0.009310475231816214,0.004450006769089307,0.016025888531989337,0.05814863561950967,0.0221539096344544,7.001825829907842
-0.006414739940166387,0.026847353765011975,0.10846336799701059,0.07433933654769906,0.016219054278426015,11.124051699271702
-0.032187866744491866,-0.06761801998617713,0.07172508393314693,-0.010679173875900255,0.023639826410766177,-4.757397185014316
0.05793171049670458,0.0030073537457853666,0.01200326860758338,0.008435602419067073,0.007897917863837573,2.8617805371582277
0.00413484763884716,-0.0116574572841954,0.0847531843100645,0.029865323624204475,-0.029349113355808854,1.9868577441131743
-0.04022164709801564,0.10751370332841564,-0.003740517457356407,0.04520129323127394,-0.0265010972843088,6.566679401332607
-0.013976446607829877,-0.00517959077212754,-0.01185198289406474,0.021668920764789802,0.00827091876636892,3.2420662281412076
0.03463188950898292,0.03460819216222564,0.08041766104601808,-0.0330927303069285,-0.07591262899931993,1.770908217049521
-0.05720932885581678,-0.0004027913632630165,-0.0004692352153738459,0.0046565256068361,-0.0014702206780601165,2.093318361783049
-0.010216056478329795,0.08463173554487902,0.04849619423525564,0.029905980859454756,-0.006377699052891091,14.806912372816706
-0.012192151960645723,-0.04339553540457865,0.01633869141039984,-0.0010579688943280381,-0.007233314338155221,-4.832338461836125
0.031656214023504124,0.046801105391921276,-0.002160223654345531,-0.07748311525372395,-0.029578049777392187,3.918637606975973
0.039942099047315306,0.04824947123915306,0.03429102242825942,-0.06306107002029085,0.04623020225510353,18.953251199977508
-0.037069699300965556,-0.0727158041787087,0.04729077433928813,-0.012762364139196701,-0.02964731121907895,-14.966379324766699
-0.02679976802058905,0.0153986964840421,0.1111573446412246,-0.03750840883588778,-0.004872493556596659,7.219012015503681
-0.04329769041472157,-0.009390938096723764,0.007435669599861877,0.02234344784936448,0.015609585997493652,-6.066634547456241
-0.026290395963980966,0.010343593746109816,0.0719599670614126,-0.06333846549704875,-0.02745262760617343,1.6808282279507196
-0.011335464424598582,-0.003346990643999359,0.025577729851057038,0.0013214780971138526,-0.020137176727356185,0.3147760597447467
-0.06762167129803223,0.005896345879085605,0.0333109574805985,0.014707192742728673,0.0026245152930258493,-2.49245475343113
0.03832729393798581,-0.056206350947021866,-0.024174197691472346,-0.010331547890118793,-0.035737966655217016,-6.5699593671471455
-0.05108000022672524,-0.023170275579788745,0.024690075210584906,-0.013182270654504604,0.010267981704615447,-6.829443101822195
0.0073486851014056866,-0.01958359904073906,0.01438583669733164,0.00592696973281091,-0.021303432036918476,-1.7882746596404646
0.009634094517000662,0.03942214238722049,-0.004878330855677463,0.01058097072760932,-0.007973965598896432,-0.9800234291259544
-0.013002184728400023,0.04924861800860976,-0.058830856895078325,-0.022883429716808644,0.09464045314572524,3.7922172810888273
0.023952996662350512,0.01049613014507985,-0.01148871902052965,0.07109211610433688,0.047496807443324705,0.8056574231986691
0.021619614033367263,-0.10635010154877036,-0.028243607353808577,0.025921446562257332,-0.022032415637547095,-3.3805886197552404
-0.021133083172970708,0.00374838481396448,0.01671666612438575,-0.07926345213940457,0.037058355676962945,-11.042005891918203
0.03376683153943957,-0.00274081105331517,0.0981038497895951,-0.029329543104557383,-0.011845908099729258,3.685393518988855
-0.0012643532363337646,-0.0017880186913072679,-0.0009481392561588431,0.03301750452705142,0.01808364258531927,0.8099062078968315
0.049130646819532234,0.016470714363744723,0.038961110683230785,-0.020590271321027667,0.036849152604387016,1.1971365394501152
0.04922377950702581,0.02081318871743169,0.018881808021239423,0.05787915599219979,-0.01954165680397665,1.2756070174196008
-0.0538493957137336,0.03357276836755064,-0.002965536208495567,0.013769043687707606,-0.010898933230327097,-0.9848286525036296
0.010019030241641394,-0.024366354019433347,0.01209830070852396,-0.020347794486739405,-0.04498856612185759,3.899382022750041
-0.017126075463398234,-0.027800452819705678,0.1073837463033838,-0.013623237809028738,-0.004395356619231434,-1.5335391408678667
0.011894932367010306,0.021176687677647566,-0.03599652894385741,0.026303817359311185,-0.012137520760533226,-3.289293954925749
0.03110840945953569,-0.0020636287263607724,-0.02314699104135309,-0.1190902668462707,0.05020495958902553,-1.140560743579357
-0.10589225995172076,0.012770882965696432,0.03873669517525721,0.05865264644054172,0.02402472669788414,0.49272403347136207
0.06663021538764292,-0.04259347515499604,0.01632363821420043,0.048906303251531086,-0.005113273485608598,-3.324194957507455
-0.022083916206324168,0.07110761372443535,-0.0025915683787089204,-0.015170684426688116,0.03383862258975476,0.419926965992965
0.05374677435616839,0.024288121782525162,0.019031295007610565,-0.0049151799417032375,-0.007005627346038926,2.5010445751580956
-0.011585064829185171,0.07036474376737964,-0.010656908501798056,0.013012466211635305,0.04481926492835659,8.387795963162908
0.018454615242283246,-0.027161919728077206,0.0646758147816153,-0.09472100851213797,-0.003077296726374414,1.8799400526158179
0.010862135874627005,0.04190703677410297,0.026428863571561493,-0.05943244881709807,0.04569935271520972,-1.5565159693947255
-0.0552824802603492,0.06919063780623093,0.05363096456032625,0.04212164250581397,0.03335325143495062,11.34690509938938
0.05439868394877353,0.06366505937415459,-0.010720784997250387,0.06254702328880524,-0.03846888533716831,13.761256598655374
0.08532407156911265,0.012242233638698157,0.0038500583265810087,-0.02715835421752872,0.028571686872576458,-2.243747865839854
-0.027874918775391062,0.03692831151056163,-0.0026449926904214974,-0.06313807638889075,0.03528899737266501,0.013684579441004097
-0.05940156767600963,-0.07511046642674774,0.022264875983955556,0.015041619580670152,0.03693849870211527,-4.068785332588889
-0.009339203656148386,0.032038941096732325,-0.06013551687811652,0.07233513319662983,0.00035001409393536844,11.39832682122322
-0.020491242169946904,-0.05345660577975944,0.03292155618702667,-0.051172569820741726,-0.062183787183102114,-9.733583852400615
-0.024907282321485143,0.02371741050396815,-0.011825069764929641,-0.05364153377516445,0.04887271012063959,-9.260023268017548
0.03646971199499904,0.004275975993483409,0.006799296499184492,-0.10061165910457588,0.015477778680158578,-0.2896020400387713
0.03794471072572087,0.052187418602722906,0.05340398516415881,0.00925693161613125,0.026457890591302328,19.16979780945755
-0.05162930030830087,-0.036207034997649476,0.048183683375196046,0.04758368608535851,-0.02184035080490839,0.23003644028991355
-0.06494075832307589,0.009765848153192671,0.06102505804401275,0.030130107835570675,-0.00747663492077048,5.212548645599808
0.08432203873580284,-0.016002895640861603,0.018946946856168604,-0.02666731856531046,-0.04231069707602496,0.4646734432147235
-0.006887205070728375,-0.021366777465286473,0.0004851605164066222,-0.07484322880663555,-0.057968385521724175,-13.757445936553523
0.05496184262069402,-0.027491753388380384,-0.06260041854968507,-0.009463673981892063,0.022522502455449653,5.994696625757008
-0.04247120683534819,0.03862940105376033,-0.030993257518264292,0.023085538820090443,-0.028912157657895805,-4.2731725518149135
0.026115939430446766,-0.0024939178738066507,-0.08012521594588233,0.0507330781339914,0.045040258845904124,-6.0831599586691265
0.0002479814294655116,-0.012796286313525761,0.012372538454472658,-0.03657601041973766,0.018344931216928647,0.21811706236540696
-0.002014724566621247,0.008271466301459763,-0.04143314627402588,-0.07309114712999518,-0.008115802622346287,-9.751223891923027
-0.0038791999111644675,-0.00299745417726746,-0.013078934869033318,-0.015607017622273919,0.028690233060928976,-2.3239509723084018
-0.009535485310785373,0.004162343009348411,-0.001033704261922493,-0.007414008045626141,0.0091474151818804,2.7875532771888256
-0.047506206938331595,-0.042088305985149274,-0.052884992345865696,-0.04625597013719149,0.020557726562189235,-14.648342868624564
-0.08323156757301083,0.031210646985269205,-0.01972368455201098,0.017580686306609625,0.006493476902296747,-3.234965864226339
0.0376102957199435,-0.0210775043522364,-0.01089075294108407,-0.01634548223557137,0.07509878727872321,7.179535253173342
0.0059840522605758475,0.085417954022139,0.04216814092013565,-0.04600861292814886,0.05653247058535124,9.042574353968373
-0.042131538099988076,0.01070959662378255,-0.03186872310643921,-0.0004866113882031565,-0.08041612483791362,-5.754105872231236
0.01312606597614423,-0.05810373947354401,0.0403515533480242,-0.000391111241482531,0.0210300593224323,3.435264975868998
0.08715503591316069,-0.03564495178350936,-0.049125384268375906,0.07783163799694844,-0.06769905878326028,10.917499950423498
0.00262748325099918,-0.011854407987365069,-0.04287440460710482,-0.04861223617186295,0.014997717348871085,-0.6395844321816222
0.13548474102717992,-0.024788808410351085,-0.0263618313719523,-0.000914973136734684,-0.04202969000120629,2.45812735606595
0.011311203355994535,0.026049657433711265,0.06065778252696483,-0.027407043477846005,-0.012141375678010253,7.455464360757878
0.05185009600886633,-0.06831637822201811,-0.018063099813776493,-0.03896759597135515,0.04531536725059882,-10.354137799393062
-0.071798202670104,0.00394959086153143,0.03733750321916564,-0.08099029621928303,0.009783644475072273,-6.52220870543721
-0.041840581687844366,-0.031128539706603554,-0.027800828634245395,-0.03242655031277058,-0.038116107333593954,-14.726327647650983
-0.03676795883568061,0.018708936071090667,-0.023479553818381873,-0.014653027365600963,-0.023093449462188522,-5.805373999759529
-0.013076502576928316,-0.03397406793010231,-0.018125887294535403,-0.02219411925069394,0.04532759875933212,-8.086385294550908
0.021519328926886593,-0.02110439975718396,-0.009762515203541027,0.06448275988441736,-0.01454148385575695,-0.32416463602719414
-0.026791726587123765,0.006288205168195689,0.006375815811946448,-0.025461893282185167,0.018898204854443917,-1.6031307216100503
-0.06206122972735545,0.024050098229841783,0.023917103158385716,-0.036201696081062926,-0.13028614969564062,-3.4597436558635737
-0.02346605051234954,-0.034794618238944856,-0.0108134788717377,0.05188419481405215,0.028586035271346965,5.115625000565292
-0.1362105015978674,-0.016784462861382805,0.009220127520790704,0.011064131615272544,0.012537093652294476,-15.875312370862806
-0.02871222730125429,0.01462920888809042,0.029130384962992036,0.001046072328032988,-0.002069907689650784,-5.839172529346849
-0.014548384085882916,0.011655253796692711,0.028485926369092474,-0.060471769953757734,0.027618255118655795,3.4786521235190784
-0.019839370612472804,-0.015429920276540072,0.019693394896962618,-0.018517928161446307,0.045617374945251386,-0.467778991575758
-0.004090736585336324,0.0015604122715611628,-0.010844006212992792,-0.041990764126489256,-0.026669360629799986,-12.892985254947048
0.03151887636695121,0.014364091344672203,-0.056293101310853806,0.01740235052397714,-0.02102296057591115,5.600831273109315
0.008358641902749875,0.032990506118548785,-0.024973301902171147,-0.05244517343014523,-0.015414186572987381,4.680380655445926
0.004692560797332588,-0.02030041554341198,-0.040194690212495165,0.037982427115290165,0.032042131423977285,4.897869591522869
-0.06314158752354362,0.015313125706389574,-0.021977119626261764,0.007718565683513568,-0.010653990695924915,-8.552838618656548
-0.013343032134167317,-0.04641513095098755,-0.01771400970660585,-0.0399295353959243,0.010487726276191506,-1.9129493392086632
0.03271044338252259,-0.036105990170010864,0.06736514550485351,-0.057448448397889366,-0.02334268930616009,1.777872691022384
0.005139307748137559,-0.03588774048133509,0.058430775196329984,-0.023514391608584453,-0.040281769095560985,-9.344504651644392
0.06202404707167527,-0.07257173915487614,0.03410255444585388,0.028078475540433315,0.00230297373597663,-3.9328923422852244
-0.030401706025695113,0.07391686456535702,0.016935652866188967,0.027742948957895253,-0.0512071239904985,6.934963635393881
-0.0163366811148386,-0.03167049932343336,0.026883303411810236,-0.009600800952610964,-0.007675313645238813,-4.254540906090101
0.053523213817056096,0.06892395809677523,0.03739893414895986,0.03891366334919057,-0.03564243111759887,11.984684703959381
0.07231375171017045,0.05053716085778517,0.011547479536766237,0.014354471450394984,0.01371166485166066,5.862311397369793
0.06586750560104261,0.05715785136544888,0.004706402141649673,0.06662279147507627,0.009427544747823532,15.605943664488631
-0.03807017870370796,0.029651029142568577,-0.004145381659305202,0.006508901045358056,-0.07938144794069836,0.19260212377861308
-0.02933765222666545,-0.0328871995018138,0.008597202758619287,0.08359238093024368,0.06185201564848893,-0.5350598529531083
0.03882113603215355,-0.027816422655068708,-0.04313881666819493,0.018225104243498626,-0.05739324667169245,-4.173779620958249
-0.015651630106991055,0.023990577902664675,0.0239535655909026,0.06900775799427014,-0.01041895280054153,5.75865338412875
-0.0315246206539959,0.0569558018275994,-0.03613605295639266,0.0035772395480329765,0.012635646242871997,0.6354687627175151
-0.043032076278377206,-0.007740339152178368,-0.013865135989823862,-0.019653919327692854,-0.05907212305117374,-12.91682968019013
-0.036158936683441154,-0.03456380529765069,-0.02390450189824149,0.014672862785922737,-0.059208960737717725,-6.768532644104619
0.004526642541129376,0.03705752660236463,0.07895731504137693,0.011062162571251612,-0.009715760187229212,10.419822889397835
-0.008434238119452897,-0.07849116671874984,-0.02706146414308595,0.010602471370355507,-0.029744710880370017,-7.410735942680834
-0.06641192830068075,0.02024555276143763,0.052780012420464206,0.006106084830211967,-0.02783278621235387,9.391445454216209
0.01974516319082475,0.025895525227223423,-0.06844825421780987,0.0014271641477731597,-0.014354005803453748,6.286478605785004
-0.03728275927703647,-0.011746430521667777,0.0073344075191430075,0.026009472891991455,0.014073412786576417,-9.292643465910897
-0.038151140194809266,0.04190056044135025,0.07789739966505958,-0.007806808729983986,0.104023787190522,3.9904716767086086
0.07382584769531422,0.05234082505376419,-0.08929022102183232,-0.026923187845809826,-0.019445932218095586,2.3863094640107176
0.05300909383110305,-0.035239281745221916,0.00859563872500777,-0.04234025704378772,0.044925410308175984,-1.924860959565022
-0.015429785419010866,-0.021430305466330204,0.04716809323731261,-0.0014173651126397847,0.006130222485803481,0.5316580010127794
-0.04129011509516454,-0.027267809717599813,-0.004518493895372707,-0.0006382464276687098,0.021820279569747827,-7.779852776236597
-0.08345702604781709,0.044984868418434465,-0.036192082838422894,0.0337608202316703,-0.04297488824789817,0.5773072920624878
-0.03777784506754303,0.015513970029982647,-0.0067062998715663015,-0.033793753862433475,0.01172658901754514,-9.584029255420315
-0.03922881020452623,-0.08095112607420855,-0.024873404295244463,0.0057791309567314314,-0.01613676697764853,-6.653315300120892
0.0655711987400893,-0.050465671339786404,0.03812010486108263,-0.0227630432150384,0.015430852055358869,1.811036632675559
0.049606134019150656,0.039438825650505854,-0.0077042242102587175,0.024922501018607872,0.02328989451381459,6.5039890207677065
0.033054655989881984,-0.0018049250110980337,-0.07479393174164307,-0.006521913847382129,0.001331818911709262,-4.641211663689408
0.01788322338706667,0.004069288365072836,0.048710898505240824,0.0367483158605979,0.011026745980521628,5.163996529242462
0.07826804712252312,-0.0009370585287905401,0.029566379301157915,-0.09291287619015828,-0.02945565703440319,-1.53355779630211
-0.05493360336068068,-0.09420562366076354,-0.025187306908643316,-0.008396456511428922,-0.04706391441046892,-16.9168385801546
-0.04203907951227568,0.027962286760190594,0.010116933138014395,0.07711648065993577,-0.013692296479513612,4.835875497908723
-0.01536650199061513,-0.006386457491632514,-0.022875485529689567,0.029462059286024227,0.06969381671566695,-10.270057204750783
-0.08218053599174562,0.034927722360487454,-0.02712915692102505,0.01357411809444796,-0.06667844275575976,-7.630469140626698
-0.05412785649910048,-0.10158967717002895,-0.026762639612443476,0.05760544787799352,-0.043325728896260206,-10.841553031106997
-0.012481108748219748,-0.027160746772843126,-0.00615159681622238,0.060515009675992354,-0.03442545418830462,0.22019263154080337
-0.058231310697223704,0.014214054405702226,-0.0378554070740451,0.013068056509406211,-0.01798114975140385,-0.7843294722781833
0.04362792469793482,-0.10099099392693911,0.07892215254941583,0.004558953011308048,0.01907918056393581,-2.01760549853841
0.02668638728406101,-0.004928237069123952,-0.07110439479874286,0.061468192638749315,-0.037162215665288344,-1.8357295385332484
0.02061765172527216,-0.002323146972262741,0.004314705190810039,0.014436000080952109,0.03525895328314352,1.072133139091925
-0.06948465845678918,0.015109064643368066,0.01808085014072652,0.0024834800265057873,-0.062461616469391246,0.30257175951383575
0.035194516752136806,-0.05273347063761227,-0.060469738961716195,0.03298024183029491,0.007605858210318067,-8.484793782606776
-0.021092658807033312,-0.012257134194918883,-0.032081417275658546,-0.0001881759649439656,-0.01630305985829262,-1.8322394032033138
0.008643987221340998,-0.0716225172811239,-0.043400991378770334,-0.04799730940455021,0.012528085581945299,-11.171983575333083
-0.02850338847010674,-0.001580036338799669,-0.013651902934624302,-0.03827453204493066,0.021298798197681865,0.3958335071480281
0.005448313978403933,-0.01183266965196684,-0.008472939144370256,0.008150619600334523,-0.031899345747159996,-10.584979827659302
-0.003472302855224803,-0.052904866456404555,0.07028747925588763,-0.0362365656384895,0.03801744243392823,3.4121156553782273
-0.002140040312382487,-0.04818131804547795,0.005285464959524442,0.0049576162543133896,-0.0349355480853978,1.2184813170282007
-0.05394499211270156,-0.03844308442198828,-0.027117681840299918,-0.0071437499333909,0.041163610130114825,-8.618757211991973
0.026032102669096464,-0.052390132321429556,-0.05289582753162449,0.013019633499381436,-0.0335398378664218,-11.699312217206753
-0.03642208569511163,-0.002237761500666865,0.009395946538934642,0.009791763588411398,-0.03400949857962184,-4.095718081789741
-0.04295178859888115,-0.013721577184072348,0.011495011204645097,0.0167143777949323,-0.028102477311635565,5.490459849451636
0.025408618037331892,0.06559254230265395,0.06675284855561227,0.06718100279164155,0.005031347873639544,18.550291709130157
-0.005324543547888107,0.0002786855426938397,-0.004616894806623581,-0.0005404892549105468,0.006014654377778156,-7.6238895000968165
0.08412164748900247,0.02166974426225645,0.03693023906879848,-0.011310057646670847,0.024602297838593502,12.226626281926814
-0.01929605495248555,0.05446446915335813,-0.017903594289400773,0.002604224336843786,0.004255550481496645,4.798912612570579
0.024134518095436663,-0.04062691794493187,-0.03493877514261701,0.03606651027421643,-0.039036904253921915,-2.992109626718288
-0.04121144661514401,0.0006246259703926331,0.04941915539908663,0.024189891083278483,-0.04563281180391948,0.681007848929325
-0.02734693366207224,0.027218699464827616,0.015394917728583568,-0.03262731038615367,0.020065331376171152,3.73047245283301
0.035957498731821226,0.020731346891318465,0.04870631612810929,-0.0002837827018789617,-0.008075012309772362,2.2067937471608703
0.038694920833142826,-0.042822679576184804,0.01909230507007329,0.02890522491692745,-0.00784771111522503,4.9617671160562065
-0.023119522414592555,0.0018388393612800888,-0.029846834104031834,0.054604060206114934,-0.06330337480628304,0.393207900597209
-0.0030155943673959213,0.07007189525910616,-0.01044809309047396,0.003695532939279513,1.72169002933288e-05,7.726313220129924
0.0032877507881796885,0.006313183427853778,0.045176745102239485,0.003127660833442979,-0.07465831452839389,1.4341640706997572
-0.04642554213721029,-0.04296796694461594,0.026935227911846375,0.001740039082259558,-0.01126731657059633,-12.221989763762526
0.014488744925506006,-0.0582433297156113,0.0051382845802892445,0.02593555109153071,-0.1110441180320306,-2.582719925331692
0.012654586900785504,0.009911088424187385,0.030802877020363047,0.022087030108016995,0.06175655278827818,2.1733936167525036
0.0019592060482970307,-0.003036337365287919,0.00013773396920551773,0.0035389645885645807,0.029620228983388053,2.2433205319008054
-0.01295196432457933,-0.009879523778096297,0.02701229444174228,-0.041750141242220366,0.0017523629139091508,-9.237818933764991
-0.08951319315370683,0.01400215289635751,0.014824948309164707,0.05266097662191779,-0.007528574753009334,-0.2697993193906201
0.0790857024228283,0.020234192783649102,0.03498626680605983,0.07806284510504147,0.010933987858703387,14.224352221416067
0.009580222711128999,-0.008628412618230207,-0.04608304301374168,-0.0011049078455573444,-0.01261212602676345,-8.714618923286526
-0.06984465700873257,0.011286854533866427,0.030890203692333633,0.037970996244835735,-0.04800919837947882,-3.8638310262442066
0.018062554809889324,0.007675924404725218,0.004650396101697837,0.011662638530852835,-0.015076076055188486,3.792901779634721
0.000433269098698751,0.04433259996549378,0.033989919715171006,-0.0706862303502717,0.02400056139431024,2.6607674543459394
0.009252213931804839,-0.032216980074242126,-0.0010145962198397393,-0.047052460383974405,-0.013781290386718917,-9.313507782172945
-0.05422656833171534,0.01988999900994924,0.013390942593104391,0.00533530390212609,-8.210875174184126e-05,-3.2406615743750242
0.00037273982579440066,-0.019779421250519735,0.025450777449191726,0.019261911321607792,-0.01219013177721967,-3.0859645915828837
0.04093252993295659,0.01524883888127459,0.04577334610828387,0.0250051765215388,0.08325480826886737,10.000493776641296
0.021383989663129422,0.037774532736065604,0.02970717925211741,-0.0003968572505825629,0.04272197513112095,7.956449469006122
-0.037234080859151225,-0.0387980219838412,0.034686882685265034,-0.02709113508587249,0.052268330028131596,-7.073808971802382
0.04320941040245087,-0.026938428899953754,-0.07387968400932762,0.005178972867777039,0.0056626979154056605,3.358456278939151
0.04460561464889013,0.028628906171145576,0.03680508467157591,-0.09512299301160791,0.03385468965481565,-0.37058546871042797
0.03750767689417012,0.040163477011236196,-0.046331396851557044,0.04547229961677763,0.04881255165994046,2.7368417871425725
0.050011688361054026,-0.018067607079550622,-0.03110000732938274,-0.007968651599258829,-0.04242869313633261,1.8833735469548607
0.048453381574452836,-0.007749540227504906,-0.0036489932299778004,0.004674555745804324,0.047581541600730304,9.84690389355236
-0.008758297151128273,0.00865432078391671,0.014127048294062094,0.07019577355252601,0.05822283126831513,1.8905407651783612
-0.012015385247968358,0.017743498685618038,0.009297738640103541,-0.033893333819948024,-0.03695286982122798,-4.894464566820226
-0.011359004031967867,-0.008611346532438342,0.016692109722204217,-0.02554244445681127,0.01635116992007147,3.625721722505404
-0.04780266608140799,0.004024120704320402,-0.01782745402205664,-0.01021453490031895,0.0302784458419066,4.691011262373292
-0.029666949537082318,0.028544482999120376,0.027645950342933406,0.02096521287211529,-0.001614102218433746,2.1565689491778297
0.07441353529877154,-0.0033479528234753634,0.008756277952332173,0.005263764198648697,0.06698668694452474,15.016563923908542
-0.11710176724621374,-0.018325185586568062,0.06133458931947542,-0.108392886269528,-0.033154520103510596,-7.123502194320243
0.0047323998177381,0.04512647199447677,-0.014979434352015824,0.06453278150525044,0.08193023711898748,8.2360747799426
0.03003806082521247,-0.030288318746508506,0.04735563687626205,-0.026857348845239847,0.020133202072710073,-2.2209385561022756
-0.047180651512487515,0.011934816541665514,-0.041408564638370206,0.09087658288568772,0.024748450491817953,5.065194154201494
-0.03208003452745717,-0.002292017576332277,-0.04276800258556656,0.022384042646376154,0.008763795495632743,1.2844553038318822
0.033611256688064445,0.03922644163373542,-0.021737394954894605,-0.012676430276034491,0.05976072144456485,-0.4734756416543595
-0.005308982325249566,0.04987420903549305,-0.021035423296801577,0.039161406352506256,0.004043652622761349,12.400637641113374
0.07259380303272452,-0.004827495990944874,-0.038796059408167334,0.06533059465593206,-0.03506269306824347,5.335423293817726
-0.0017613770570770967,0.03009164257200411,0.03434335446731869,-0.005684238051797325,-0.01760206549993171,2.176868811735534
-0.009174803156468701,0.00914136925539123,-0.020057760599452575,0.0002500411041945136,-0.061077364802291104,-4.243656691613448
0.016200588318308205,0.029863791513660264,0.012630897567133044,-0.06508371078448351,-0.001754926394682043,-2.6347017946733153
-0.008488824607811548,0.022894818652041165,0.022651220788687757,-0.03074997470276164,0.057087261370837916,2.2475511403722397
0.06196007157778174,-0.044460867382291255,-0.007698869195609424,0.0286922101316634,-0.03263617453166153,-6.8021088343228655
-0.04532116534478363,0.08487815944368639,0.036879039238940245,-0.003919370460515728,-0.02651970598946571,-4.571348324426962
-0.04931518986748364,-0.017733476979668483,0.024254080472322696,0.03237991445532323,-0.014122550699367617,-1.868938123152481
-0.05274882508989833,-0.032109024317263445,0.009346995131711437,0.027497283855590658,-0.014464681654080467,-4.102942913252984
-0.005329618233046961,-0.031212226172128522,-0.04180060381114279,0.037735389581651624,0.046349968842365794,0.8786269212676834
0.004892076365337488,0.0015941570958217686,0.02566122183370728,-0.05394471609558602,0.040497132147476037,-6.706910114682616
0.024274562258649678,-0.013125109965740997,-0.04642821828228327,-0.014636757447357129,0.0024207298542962695,-3.174282396576699
0.016541619395216603,-0.07744518434563402,-0.02932167327857657,0.04176649230418429,0.05503625845276841,-10.622565954706987
-0.07025575606578356,0.006296984276953426,-9.998576180143948e-05,-0.012117319972079913,0.08185194575243895,-15.758238668067225
-0.043600630837557816,-0.051931034173962574,-0.007923685300160035,-0.0019513745281107195,-0.09509711905138712,-9.223165492542387
-0.02379738603651264,0.002600004646255469,-0.006684025422813547,0.0033231647229221297,0.05048024880469077,-11.660307720458327
-0.014399503059361343,-0.017242700786541873,-0.019453763665396473,-0.04510488082613592,-0.028895071948210258,-13.984032981064471
0.03381593645362447,-0.01492276192586935,-0.041217812554459526,-0.026072595774656246,-0.03780295636855112,-2.9830065366901475
-0.004926040266682231,0.018155915764279454,0.028243097653351472,0.007695674381033984,0.004682318747930076,-1.2485582952174794
0.05824172989319785,0.0028484747924925487,0.07392401632679406,0.00240193830891349,0.019679144974236378,5.85442113395315
-0.03745985623652048,0.03395947259279917,-0.008849074490140276,0.018089469501412072,0.008480102062722105,3.9343990625243257
0.01257701982184869,-0.051547801363642995,-0.017085948353849717,-0.013795125749801448,0.0223263169240376,2.1260885756040127
-0.027222887000658908,0.03501862459498096,0.02661216270330961,0.012870089863862342,0.0013293792719803195,-1.8011557231341473
-0.02376227818863856,0.020953768713069084,-0.03492757882091507,0.018540127939412426,-0.011396582750094891,5.693596363609795
0.056998924090414155,0.04016196922816512,-0.007204326961946273,0.03975374011695178,-0.07542715292839967,12.739398762556304
0.010772593029538426,-0.05098701768362334,-0.057631746578324296,-0.0011010194475386244,-0.006965206797949893,-6.883145473851221
-0.02270002630779949,-0.01496577380437489,-0.0031906564866374344,-0.0061149844679936225,0.0007101750070110067,-3.1121922700095976
0.09500531172278762,-0.03742303204829484,-0.025419160284008868,-0.04812012351190749,-0.0711716896413829,-0.11763157192507534
0.08759344125244653,-0.0020700214096254083,-0.029653005649146656,0.0439161433870843,0.03322418951504577,10.096246094961886
-0.025206751538902842,0.0040460632864225115,0.019185742500000408,0.09826944063220777,-0.08043637654532917,1.8914016801737583
-0.06835686118152251,-0.030173011993256674,0.018491567386663365,-0.026588071689509968,0.00903043004816033,-8.217791709557552
0.012334154530409118,0.012626325218975611,-0.06707553727681227,-0.06277403685722113,-0.09239091777915405,-11.327644510544836
0.00924235256229307,0.005014126109617922,-0.006564773566408823,0.01142116795703358,0.030381860943397256,1.0955326232805993
-0.06695423358559106,0.03765648809929411,0.04413180327725692,-0.018254875876291782,-0.004971396547765025,0.8347578299822382
-0.002681731016503641,-0.020789861105840197,0.01672811902398107,-0.01736032235370477,0.02459356430935396,-1.2276418286825836
-0.04048725397656085,-0.00045508660376478513,0.02744033903789101,-0.04999251536767781,-0.03461563711216642,-5.364749470538377
-0.04094768154830222,0.03606890209512446,0.051572587374168886,0.04896980361042341,0.09287883909968236,11.61757058298151
-0.023469677669684455,-0.03271841058669356,0.007962805846073794,0.03767585176695232,0.0037206996136372075,-3.2958833992129
0.05176971343790342,0.007117333299940479,0.0563147666686086,0.02116431414474155,0.023759275514759596,11.276185650470872
0.0653535271987957,-0.04406369805391505,-0.020033136058291698,-0.016080296190314067,-0.07380482756392194,2.4674252346630334
0.047652954112508424,-0.02819526332511878,-0.02469359608121526,0.015777178982145538,0.0005092193167618136,-7.663632197959053
-0.05086809934839369,-0.016459618296012134,0.026474054029837928,0.008572882989710363,-0.07901851149784048,5.341906944805901
0.10190562498882914,-0.03696414530994815,0.016515859147603302,-0.04451861719452123,-0.04484644855983858,-2.0504658737211807
-0.03177164940648748,-0.043377040817697145,-0.013429095205919186,0.017722985096140623,-0.011706519162715735,-3.1982009861965883
0.09154390215882587,0.011925426742372328,-0.04165482224338724,-0.024111927119355486,0.029170529255633557,8.024892992250662
0.02506019092938708,0.02744128449715738,0.006753531170997528,-0.03416477109729263,0.0057747567342072165,-3.1860432522172695
0.04273026379000376,-0.005508694713554595,0.009130101446358377,-0.0016768270416576245,-0.0072680346093031084,-1.2737862288984907
-0.027186195061377684,0.018390752322506875,-0.019265860019461796,-0.01119250369598734,0.020777300609188996,0.36900991777427117
0.013412562559052795,0.007679745151000969,-0.02430023256584705,-0.01450877931012606,0.008189008720597185,-1.6324477874664487
-0.023821477371761365,0.025174489703227405,0.06176217660140539,-0.03164989938574599,-0.06042866293149061,-11.462853542270473
-0.01819996350467929,0.013550792349188674,0.06430673784934053,0.06595968245220969,0.07628804199938218,4.545231109121266
0.033013069006495345,-0.008468825901236168,0.016869033035767304,0.001880955919344437,-0.03492788413729259,0.17754194026338666
0.032553565287101204,-0.048497256280824276,0.021736254672381747,-0.0534048385781046,0.027988991118025934,-5.554704510719848
-0.05551333207369996,-0.018743643746433083,-0.01766664086434975,0.05983653480492202,-0.022300741468610306,1.8318664593155018
0.03654650397768504,0.011967316279172158,0.04036191926691502,0.014128734489775538,-0.018745886330250434,12.75176970909038
0.040447277468798074,0.03759891324514237,0.018178530079818934,-0.010073506571796686,0.08073933291571442,4.670448049204703
0.04594546715225837,-0.04292673079035097,0.04488056242837051,0.012776830991982117,-0.01675928667658467,-1.5904719481053822
0.037718713536063854,0.005436799158915694,-0.014469344208469622,-0.02394986143374947,-0.009449666296343747,1.2616348522339234
0.004775432877545316,-0.0017726543616342443,-0.027785872693180176,0.05102696719835455,-0.04547454404805042,11.471184191381505
0.02427706340082711,0.036516517949737176,0.026248507534693596,-0.04546569573513826,0.06514208306790363,9.330612302416942
-0.06277301433868648,-0.03550089078092599,-0.029128556226576386,0.06407694951475802,-3.241780451247685e-05,-6.528257271990961
0.018124539248883118,0.053592934720855086,0.012927995913670625,0.06987138966328053,0.04265504246794145,7.009089760525184
-0.03919985505221224,0.009623873967906222,0.030685431499930672,-0.07673066932635415,-0.014692313952726618,-5.8030099077690425
0.019049522546348455,0.03155026151030216,-0.019511899129518416,-0.005451561707840286,0.05833758041693865,9.856408180486886
0.16495125892307066,-0.014001887975919659,-0.014191831955244743,0.0397861082700401,0.014997534258686988,17.184002186796675
0.052184692259718626,-0.058583265918071344,-0.03904160005950051,-0.023663198519609657,0.008899238973350624,-11.147448175476924
0.042672469376634846,0.018833648318038694,0.06794737526661063,-0.008810626229505203,0.05884396892448991,12.866992435390372
0.045508314517397404,0.002487056308188673,0.020893606980675147,-0.009890530873760893,0.012303629380299696,0.44540383331429334
0.013259669436756633,0.03262123603696345,0.0906048750096547,0.018503011438798535,0.01400135501875665,12.953763362060675
0.011134225423629227,-0.033018507533488464,-0.02048451922863187,-0.06253797818389017,-0.12544666572509,-1.9718011393838841
-0.012887998487743989,-0.09947537942972354,-0.01525933598535855,-0.002047312150306896,-0.056552549261704596,-0.6585046987173477
0.0033087777258782964,-0.033756673943461414,-0.04572674360881557,-0.03512234097603057,0.07991486950939335,-10.911839452271156
-0.02795533429267284,0.011122557550294197,-0.0022947134082871054,-0.05508033829924385,-0.06954645138356834,-12.173499221813056
0.030370634200580636,0.05802330394132797,-0.027287181472021773,-0.026661723658851687,-0.06413743397452296,6.074683607787653
0.011584907161326376,-0.01776868441259219,7.324769217314374e-06,0.09523943989194014,0.036431995802871944,2.2160878827493202
-0.04622706134375751,0.016386206874262194,0.021536659568218108,0.030149845593112644,0.08617592660061758,0.2152176442782594
-0.05785700789747163,-0.0681183143610638,-0.06760955821971534,-0.02993398076686195,0.01898565209261348,-13.129898799139237
0.03517744416845595,0.02578879234239408,-0.051880828978110215,0.006681588449753075,-0.012325861195076187,0.0886048096013643
-0.0044251513693726085,0.019868766426445958,0.016082210948054638,0.0021382811669327707,0.06480145285874336,11.238054792131166
0.023021408842335406,0.031057131552594815,0.020482200408570003,0.0032377858514068057,0.06976111772926859,-3.8546311040643566
-0.01549481531973034,-0.03461353472999505,0.008788350255144566,-0.005850210554438155,0.12193099809244329,-1.4637787913501006
0.012935319680061475,-0.03742661511998614,0.003651932359424417,-0.06015279569825043,-0.06060283616119475,-4.1147193004638325
-0.029050967519536623,0.018191090247030795,0.05171300655883923,-0.05207544359506075,-0.017672644572923613,-9.148044949879711
0.04238842034770631,-0.006025095802954495,0.021835200179940114,-0.003937044397735271,0.06754927368982445,-0.10361512416682128
-0.014361877609912387,0.015395552262739911,0.0012906211464845912,0.024911669920025886,0.000824078124586266,-0.8930849396667979
0.07701893435364777,-0.013603231231984814,0.032027645932617824,0.035842365229685876,0.08146723467938231,14.676171080632049
0.03169882322401294,-0.019127951681928053,-0.010703884869132044,0.04264193709611118,0.04973614679861849,6.749893228838643
-0.023101011461668087,0.09592274583822598,0.014128968174787274,-0.011874450938266577,0.09744823688371763,4.892273984527951
-0.02674598237156816,-0.020644002143190652,-0.004243156017313744,-0.04468821918189546,-0.05363350405501487,-8.503475499924972
-0.004168006378225928,-0.01628487733268699,-0.033043802976666946,0.002541748934473378,-0.007739469963695197,-8.069803221701628
0.08557759268536795,-0.08269823286477178,-0.005803876715331888,0.03299343937505973,0.01513993139783854,-0.9265095219100479
0.006811655851234919,-0.016675536471388034,-0.005278956478916379,-0.062041797467789005,0.009500768066503457,-0.026729003766832626
-0.014502656745108538,0.011276550885296254,0.002486449939936579,-0.02613197880617061,0.05859523931252912,4.901200719590715
0.03719064077588349,0.0126014155626693,-0.003246320891844957,0.002880011440593891,0.04576242350230843,3.887449203115435
-0.028610993276499668,-0.08309964234524334,-0.0009938634914449882,-0.017157258557685864,0.09374113745524319,-3.494083541409511
-0.019935291831616516,0.0061764882806722545,0.01153974658022334,-0.012277245680040417,-0.03622778838075366,-5.858142196119124
0.05152964632170992,-0.015581048871819587,-0.015622972465082395,-0.07496004925798633,-0.05649427446501062,0.3988413111337441
-0.012208955334805306,-0.029333650189568718,0.0035849494408705693,0.041309227970012345,0.016755322494418218,1.1722485166430123
0.01460507525953678,-0.04922216548640164,-0.0683349006204592,-0.04539705730703752,-0.055670753449911854,-5.879216616491191
0.0563093550487479,0.0009281386887903711,-0.008546193426841016,-0.054295192967492155,0.0010102137284281176,9.18285441632061
0.061582770350535596,0.04066020565872957,0.03367425439635332,-0.08294779572732922,0.033110402682552866,-1.4607472278251494
-0.06365934666214879,0.040607310829537335,0.01910172826016285,0.055419118200708994,0.01866900776245096,6.365534141065787
0.005508366816958774,0.021552158970780676,-0.03521101724785745,-0.03416011214076462,-0.05721034088928319,-7.47163928763227
-0.03788875931543751,-0.020498683030511073,-0.036381174214801665,0.0022115265792631263,-0.0011714449187194818,3.2456824994412212
0.0432952631537238,-0.040289536453428955,-0.03254370630226933,0.030938727954099337,0.031284230386747755,10.288488894989015
-0.008707338283327056,0.03282291894995177,-0.019063969639336733,-0.022782008367127404,0.031033384228447505,2.5843215190481525
0.012185863758456247,-0.004545121425326966,0.04195910486609191,-0.0031929683789533227,0.03643849104678371,-0.5270722585577543
-0.017823248766454833,-0.04339521250002163,-0.07802494135044859,0.004299868890902483,-0.021357560156902627,-8.232772893660771
-0.07654370666826743,-0.037593417757061716,-0.01193276640953018,-0.07575690160413835,-0.0008795493910843485,-10.971349858399956
-0.024351252434775976,0.008163563484583495,-0.008461055349713649,0.05273608557434159,-0.07838746858150139,7.615404781516091
-0.009537275498889075,0.046737483477794835,0.012619359775972233,0.008002157902916376,0.05146372748385938,-0.605428206812066
0.009170885375730721,-0.09505896307558416,-0.04854075051052376,0.018627848466505986,0.01197916131206328,-11.882753647259644
-0.04248884526822108,0.05188453723227823,-0.032080170421841595,-0.005994540930889408,-0.004099112017470971,1.857488720188989
-0.09530050888047537,-0.032255827468687596,0.06210577947660566,-0.06135456299016902,-0.0915345152185244,-13.95072652650315
0.05321944115637261,0.01937588848813891,0.06634770534762395,-0.008400905113186941,-0.020634575961775283,6.62360787046694
-0.007716747710392499,0.029478838205916423,0.06826584880928688,-0.031841802460345764,-0.03756989222797949,-0.3720703160438825
0.048092623229817485,-0.036028963068388306,-0.025838132915286926,0.020927937151093666,0.05826767930048519,1.8640046226198632
0.05397076528610457,-0.0415521623424751,-0.06394817471332302,0.028258219334343405,-0.0578609665117436,-2.71025756936942
-0.04951393209497015,-0.033204597327497774,-0.07048656989217117,0.03602133648921069,0.006138121901174469,-2.697179580833377
0.11366151086486577,-0.00796290234476132,-0.04544824493011151,0.016179447081093708,0.048543833009536526,13.239638979277268
-0.020447081844753166,-0.04849831360673612,-0.04290207271702748,0.09408299653083212,-0.0030537089497107207,2.434859231065656
0.01222443058425306,-0.06721153691389613,0.04598907483412194,-0.07319116623729544,0.0427261003521213,-8.725353855927187
0.004395435391685907,0.03516727122459785,-0.0035158540517037226,0.01159446853150385,-0.022286326086482636,4.635042570027105
0.05079193381260089,-0.03180647017891117,-0.007264656885720975,0.047150775120928586,0.0749380954912119,2.270341047359574
-0.01588068056565949,-0.026169915093192365,-0.0663903871637253,-0.0018628481314944725,-0.07886897332753451,4.319967125013837
0.022136597484642452,0.03228364204105434,0.03385654897149562,-0.02316097176397284,0.04543828894933027,2.4318995957521907
0.029243829590422193,-0.027871655673927662,-0.03592271890157594,-0.01091139899040233,-0.05757596692220743,-5.269336772256456
-0.09096236936595464,0.07029817014522309,0.047615172364483496,0.006808059381855672,-0.08597754530971854,1.6557916995629192
-0.011468974029691591,0.043034544749739695,0.056812473588572554,0.0325430253147083,0.021041382924973498,1.2730997457613453
0.007880104079485166,0.06097800102162834,0.0030457255902877007,-0.008249495203048015,-0.021662283468646685,5.735824846223161
-0.005530003564229694,-0.07574411342200453,-0.0072763220065404305,0.02218800506966149,0.006580104696208818,-2.3184494379055343
-0.018284392868855078,-0.053372502818625434,-0.046458630436022434,-0.05399813809939419,-0.045035054895709616,-10.600383685120411
-0.054555694859521685,-0.02760341238078697,-0.05213982074356378,0.02371922953607464,-0.011042417096323072,-16.90097291727221
-0.01635853856565483,-0.07368959759245745,0.02885696409928528,-0.07412652337509669,-0.018051384928996123,-16.16680354750641
-0.003333828303805385,-0.06693646081192674,0.03588538675489057,0.02203489095422195,0.022249228331750238,-1.0041601012145875
0.028015965081114057,0.02344669879806866,0.018954158031014703,0.01062240718230237,0.10367791548146038,3.4478474022694634
0.014523112313830796,0.03498390145693339,0.029906805992066302,-0.024824035952794483,0.01367069453758685,7.516737365751512
-0.07031956424620861,0.05608941385713943,0.022398282832972894,-0.06347361214753779,-0.011796507771986112,-3.857143311980183
0.044836011027482386,0.07696997233795932,0.024348959292685306,-0.031120176861825687,0.007405558262868514,10.312788147700546
-0.07253086540984703,-0.02910197740293309,0.05538336195222075,-0.009742020879270737,0.04343046114482194,-5.74078027924453
-0.053224531685543086,-0.01978512191611855,0.01832592038192387,0.0022770016313558845,0.04571580807889021,-1.295915274756307
-0.048875689218666786,-0.026050194274310826,0.06937309530738515,0.0014705294571958718,-0.003412164073838617,-6.385470205386479
0.010502493471278277,-0.06101603977516658,-0.01835205075038758,0.029524635298123127,0.009052972756578582,-10.91483201447177
0.0046626456218816555,-0.049787268623438,-0.03800344672119095,0.008113646562339266,-0.05718819102781769,-0.4252091056514429
-0.03167054051292326,0.04001704315649215,-0.011921765415579743,0.043568426980924294,0.0023843021499135053,-2.620189425741939
-0.0037600541063375244,-0.03059458370452605,-0.039265491785984506,0.07506267712857133,0.024505226714792775,-5.173328767089789
-0.07257265858601315,-0.010230074066530868,0.014808266931838352,0.08689745078637277,-0.025585676178584874,-6.793955903788326
0.10162266861905879,0.046689280893666904,0.010195098084980373,0.06766972560402523,0.0004703746153303631,19.003783388268978
-0.011116573088052974,0.040712995420708296,0.01807362357571741,-0.006717818222228825,-0.0217919212825648,-13.925215771160074
-0.08195324999288349,0.05921053891053075,0.07856030823704938,0.09339700762281275,0.016850047544969726,8.712231034575629
-0.026707694832970575,-0.013168810300808272,0.004842937016992736,-0.016433555634727686,0.07029746838779626,-3.278477642769421
-0.0368747751986428,-0.002355618244221555,-0.004297597151670797,-0.00397090305774087,-0.035097407420152806,-7.210039315791394
-0.051811103207708896,-0.004850069825621272,-0.05479876697806745,0.018969227509189408,0.003227244937923716,-5.441323924365207
0.0100426531394514,0.026789519795868768,0.041072240507807285,-0.0021854004790231524,0.00972829105757006,8.35375513028005
0.08784926670717226,0.02714674583080287,-0.039495682146695854,-0.033370166568315304,-0.014798960213978661,9.529123352295649
0.033367757984818155,0.03853968300050147,0.008917943685122748,-0.0220736579579326,-0.03846130713878023,-0.22768173683881177
0.06022307008428256,0.06152235812938877,-0.035828109029486715,0.012695105167608512,-0.003384326816741297,11.623255295922064
0.05254689113670856,-0.05076689915519795,0.014347733996026969,-0.045914668869808065,0.0003392564284067972,-3.081683714304564
-0.025257436832262493,-0.01877027583866551,0.044690509964698505,-0.05290115299564803,0.005541502585357233,-6.750826773677725
0.03168134711411883,0.033597431608099554,-0.016986557791784183,0.021111262361808377,0.06051400893930974,5.740585589418137
-0.02616692021238391,-0.014312193019819786,-0.05368436411493035,0.014437899737628209,0.07393371510624848,-6.969006345012383
-0.026010368225402817,-0.05971563760877215,-0.030915069072143177,0.014305089393784425,0.02684351391288408,-12.610632127699436
-0.0024299634088324382,-0.0186044699819105,0.0062608809941131025,-0.07611430007774882,0.02510472805754355,-11.29910738986727
-0.05031067907752301,-0.016463774895528506,-0.02760197893894718,0.021410812154688458,0.0022218118837531724,-10.028576039028941
-0.05475525372677287,-0.037768807252887567,-0.03574017578500944,0.04975325115617535,-0.0346559325843328,0.7447441041639538
-0.03971998598953703,0.007867542357960722,0.025706714896128358,-0.03813466307164441,0.003265309295736989,-5.879491124678893
0.02214808026729676,0.008073278986071686,0.002862344332737877,0.04977239935658826,0.03900400151246609,7.595077056949062
-0.08329862732520828,0.10177404118061179,0.004545796257962216,0.04554084345876039,0.031079867669846845,0.5432433121411071
0.0014681147621556526,-0.04524145204090115,-0.041742590853226944,0.01306972614457622,0.012256936895658916,1.2441524029712516
0.043931782487430474,0.07663536637198072,0.044601052012374715,0.06370808189939542,0.047023749141101384,16.148194543297922
-0.0072484284102189624,-0.05705970584988024,-0.02068281575453151,0.0011835093594038826,0.015906558962757777,-14.560512748806921
-0.03785871349076178,0.035318018692193906,0.059061115348738896,0.09865937519804412,-0.06054135355219836,8.957906025197586
0.020567327779616076,0.015654569827041623,0.01201243007789867,-0.05336494803844151,0.015077471872037743,-5.082268395571358
-0.04150708652024802,-0.015106352125947941,-0.058390834611634836,-0.003152742068655333,0.015870283168548053,-4.597727763861636
-0.029001100915094353,0.04343216222901419,-0.02386914544227297,0.002462724295206536,-0.05052215357941592,0.6056377457615031
-0.0081407355100395,-6.718547482053355e-05,-0.07750577436644356,0.057436769362351446,0.007653435796969303,-5.203039343061249
0.055637003360992886,-0.044925698958833235,-0.02091193594971526,0.015306664501385746,-0.05941602008018069,2.035815040632765
0.012480331175555517,0.05313912208826897,-0.016643620922414858,0.024096003707072308,0.016676791050164463,1.3644950874633572
-0.019956920133654108,0.02387670786972081,-0.03973667112198834,0.02724369810938274,0.011268903390040483,-2.728394846671093
0.01680724399024187,0.015144283075919512,0.0554919413599941,-0.001801721649680908,-0.018428680205634762,7.01443936798047
-0.04118042372268575,0.008541156415271358,-0.059002935980473056,0.0027893832707923433,-0.032206271079225995,-0.30587759703304584
0.018906795395334623,-0.03134831143986811,0.04085477051742866,-0.022208084783628228,0.053103112217284545,5.129815638712258
0.024380719676195158,0.02850859289376789,-0.009418670752379121,0.028918414937754097,0.023793570545170256,2.513810569158828
-0.023575210149265596,0.008718089065187036,0.04308148225291229,-0.030735653145027037,0.04688741696135184,-7.559168993275746
0.022760745497316603,-0.07054756372460419,-0.005891412072808241,0.0038353253977896737,0.0043672151885491405,-5.81710336964866
-0.031823239234777784,0.014294703165661702,0.010890448742767308,0.02175244851998427,-0.032625208721087394,-13.294659670584377
0.0033622100647881115,-0.011009127406700927,-0.03649632885645259,0.008989056182663081,-0.032429639674004036,-0.6429336761729154
0.09582722000378702,0.0013094442433542895,-0.04699066550464339,0.007969274113054885,0.013668582833252936,5.094507457410488
0.0375295944523321,-0.007077337871255297,0.000472919301995028,0.04860787321429408,-0.04046690786956802,-3.0957671070939234
-0.09142108244753265,0.04811158382003554,0.07377843456628547,0.06390325522348687,0.05103420966350396,6.136626413852102
-0.056165325446591266,0.03671725985263417,0.02454789361568199,-0.026086313788128992,0.016180706691854427,-8.393176910255663
0.024400905334507526,0.021630500468476293,-0.02358895937289508,0.01396563238953555,-0.03389438078870834,2.068202700071814
0.033076893093748845,0.00372119385471914,0.04386760204643019,0.013882192113611625,-0.00764879126002408,0.13142570488238903
0.03401701293551758,-0.05339625674777369,-0.02650193868520155,-0.044757753621960536,0.026409617733494956,-1.7986437799161226
0.011683862337365734,0.02364257333886774,-0.009119282301586361,-0.02165810219854919,-0.013191981221787422,-1.3300835383681067
0.014933865571409728,-0.016223566151052145,0.03806826550196387,0.04875790879344024,-0.060207856235075664,9.370216603369588
-0.010875286200018,0.009108606774609068,0.016137681558812414,0.05712836163659751,-0.006396887160718348,-1.982662057549411
-0.01537004488584664,-0.037178861872384596,-0.019075149446515963,0.017607801393118672,0.003879080439327174,3.107208869990952
0.07070389352671187,0.00037000285366599556,0.008811973434842276,-0.04593792284643382,0.0357011049324927,6.269228618534687
0.000946313561410212,-0.02534783528185555,-0.01749961979799163,-0.00937063152974337,0.038471071781387575,-6.029702520064305
0.05141670090638351,-0.023392009196915996,-0.02561279074261526,-0.03437845522800167,0.0009855933580862732,-0.8063705495150001
-0.032316223185284994,0.02157188649724538,0.033084032402792306,0.10599760104954972,-0.037953657498468074,4.596629117507067
-0.029664695176646244,0.06998706882669228,0.029153188498725037,0.02067140729792188,-0.03368684447257433,9.511647696858889
0.06557268449463913,0.010695706219736223,-0.018288200668215397,0.017221650135975507,-0.06060917849454601,-4.719519791430876
-0.09296082933770294,0.04223390477236242,0.01026888222139488,0.047225565401446234,-0.015295702888895321,5.188823885417854
0.04078039861691578,-0.05420015641742802,0.008837200676507923,0.0023221564508588504,-0.03719159545792122,-1.9451887962666186
-0.02917796802429218,-0.0636167895759775,-0.027909450007314172,-1.0467346491885656e-05,0.03877696118716733,-5.752504169281707
-0.053381888326054935,-0.026032536400927224,0.03551255259687403,-0.00011970144391098008,-0.014759830498225669,0.27718618054704613
-0.01063815763946081,0.06184019062538714,0.024361165025559527,0.030165462108532937,0.002310432225443614,9.187988961691994
0.050292654599570115,-0.03753924579205434,-0.043818751496709094,-0.06123155492501333,-0.008872142272058094,-6.4599375046668115
-0.055679889117569555,0.00977590081637496,-0.015298002445686723,0.041480612620399024,0.009299789930996153,-10.039153932847995
-0.011987304294949073,0.022348768142259782,0.00042802707673458975,0.05088432984689663,0.017139212214118953,10.278137920710558
-0.020601881030218972,0.005887549347187214,-9.681610267261117e-05,-0.016338092028152198,-0.05111557987284772,-2.297113630694458
0.02910520012835336,-0.03203607225079073,0.0054965505773652374,-0.017256100803464524,0.044528344434347486,0.9975298539785488
-0.008003137428870526,-0.03202233400896239,0.041467106216009395,-0.05014663916499652,-0.011355084476729496,-3.1927605881640084
0.03503856103495039,-0.02574103003059854,-0.016657571922807816,-0.045807655674231264,0.013489954574112317,-5.323617871213709
